run_name,species_code,common_name,season,region,start_year,end_year,start_date,end_date,rsquared,beta0
abetow_resident,abetow,Abert's Towhee,resident,north_america,2007,2021,01-04,12-28,0.9021888732687658,-0.26661345351715776
acafly_breeding,acafly,Acadian Flycatcher,breeding,north_america,2007,2021,05-24,07-20,0.8835865402915302,0.6140841646772208
acowoo_resident,acowoo,Acorn Woodpecker,resident,north_america,2007,2021,01-04,12-28,0.898928155018841,0.09166516481272256
affeag1_resident,affeag1,African Fish-Eagle,resident,south_africa,2007,2021,01-04,12-28,0.7669863634214646,0.5289987343919489
aldfly_breeding,aldfly,Alder Flycatcher,breeding,north_america,2007,2021,06-28,07-13,0.7061864187612483,-0.20787861972853217
allhum_breeding,allhum,Allen's Hummingbird,breeding,north_america,2007,2021,03-29,06-07,0.9438177074344366,-0.327090057456256
altori_resident,altori,Altamira Oriole,resident,north_america,2007,2021,01-25,03-08,0.8735661688664749,-0.2778509127531498
ambduc_nonbreeding,ambduc,American Black Duck,nonbreeding,north_america,2007,2020,12-28,02-15,0.8633740888779485,-0.31501803128791384
ameavo_breeding,ameavo,American Avocet,breeding,north_america,2007,2021,05-10,06-21,0.7770016513584707,-0.2443344134387196
amebit_breeding,amebit,American Bittern,breeding,north_america,2007,2021,06-14,07-20,0.779083284117808,-0.25768997465045373
amecro_breeding,amecro,American Crow,breeding,north_america,2007,2021,05-17,06-21,0.9272068333667864,-0.3145755463133262
amedip_resident,amedip,American Dipper,resident,north_america,2007,2021,05-17,06-21,0.8515529447690134,-0.2289395121712684
amegfi_breeding,amegfi,American Goldfinch,breeding,north_america,2007,2021,06-14,08-03,0.9417643612976868,-0.20982915255412343
amekes_breeding,amekes,American Kestrel,breeding,north_america,2007,2021,05-31,07-06,0.9086981842990812,-0.08895285643098251
ameoys_breeding,ameoys,American Oystercatcher,breeding,north_america,2007,2021,05-17,06-28,0.8118478696969235,-0.00475650656373042
amepip_nonbreeding,amepip,American Pipit,nonbreeding,north_america,2007,2020,12-28,02-01,0.812816462058319,-0.11768371558282673
amered_breeding,amered,American Redstart,breeding,north_america,2007,2021,06-21,07-13,0.7958482680616467,-0.7176834639998251
amerob_nonbreeding,amerob,American Robin,nonbreeding,north_america,2007,2021,01-04,02-01,0.9022806563030148,0.03808998246700573
amewig_nonbreeding,amewig,American Wigeon,nonbreeding,north_america,2007,2020,12-14,01-18,0.8504352528821418,-0.08532968725181878
amewoo_breeding,amewoo,American Woodcock,breeding,north_america,2007,2021,05-17,07-13,0.8028835254863655,-0.8988893224654587
amtspa_nonbreeding,amtspa,American Tree Sparrow,nonbreeding,north_america,2007,2020,12-28,02-08,0.8852924661158569,-0.0111540014219555
amwpel_breeding,amwpel,American White Pelican,breeding,north_america,2007,2021,06-07,07-06,0.8057850738022571,0.07087376581813312
andgoo1_nonbreeding,andgoo1,Andean Goose,nonbreeding,south_america,2007,2021,05-24,08-24,0.5248275257776376,0.571681488659187
anhing_breeding,anhing,Anhinga,breeding,north_america,2007,2021,05-03,07-13,0.8001489648561203,0.22824349426923043
annhum_breeding,annhum,Anna's Hummingbird,breeding,north_america,2007,2021,02-01,04-26,0.902603987764294,1.0308596790444604
antnig_breeding,antnig,Antillean Nighthawk,breeding,north_america,2007,2021,05-10,07-13,0.6636975685055614,0.7262596332620797
aplfal_resident,aplfal,Aplomado Falcon,resident,latin_america,2007,2021,01-04,12-28,0.8385977714274405,0.29626436212748425
ariwoo_resident,ariwoo,Arizona Woodpecker,resident,north_america,2007,2021,03-15,05-10,0.6640655756839862,-1.4776971675555703
asikoe2_breeding,asikoe2,Asian Koel,breeding,india,2007,2021,05-24,06-28,0.9012288396052792,0.2805593763377354
aspfly1_nonbreeding,aspfly1,Indian Paradise-Flycatcher,nonbreeding,india,2007,2020,12-14,02-01,0.8511227749526061,0.09608818332631013
astfly_breeding,astfly,Ash-throated Flycatcher,breeding,north_america,2007,2021,05-31,07-20,0.8528666765896238,-0.02966897254040324
audori_resident,audori,Audubon's Oriole,resident,north_america,2007,2020,12-14,03-22,0.8453876808826971,-0.1582162936909295
ausneg1_breeding,ausneg1,Austral Negrito,breeding,south_america,2007,2021,11-16,12-28,0.8491385202335154,-0.12155657663076072
azwmag3_resident,azwmag3,Iberian Magpie,resident,iberia,2007,2021,01-04,12-28,0.8342050290519112,0.402503002279869
bacspa_resident,bacspa,Bachman's Sparrow,resident,north_america,2007,2021,02-22,04-26,0.5321172913696828,0.4270888252465713
baleag_breeding,baleag,Bald Eagle,breeding,north_america,2007,2021,05-24,06-28,0.858442612938462,-0.2372872303606789
balori_breeding,balori,Baltimore Oriole,breeding,north_america,2007,2021,06-14,07-20,0.946139198919596,-0.08205888072982052
banswa_breeding,banswa,Bank Swallow,breeding,north_america,2007,2021,06-07,06-21,0.8618580288166245,-0.05183627213126313
banwre1_resident,banwre1,Banded Wren,resident,central_america,2007,2021,01-04,12-28,0.6999850956937674,0.1464643827413786
bargol_nonbreeding,bargol,Barrow's Goldeneye,nonbreeding,north_america,2007,2020,11-23,02-22,0.7557492620119197,0.550439760962038
barswa_breeding,barswa,Barn Swallow,breeding,north_america,2007,2021,06-14,07-06,0.9363100877539936,-0.16094593030374651
batpig1_breeding,batpig1,Band-tailed Pigeon,breeding,north_america,2007,2021,05-24,08-03,0.912728427929814,-0.14290307199290114
bawwar_breeding,bawwar,Black-and-white Warbler,breeding,north_america,2007,2021,06-14,07-06,0.8499214380722288,0.13894620272159405
baymac_resident,baymac,Blue-and-yellow Macaw,resident,south_america,2007,2021,01-04,12-28,0.8490936340141562,0.12110940505388446
bbwduc_breeding,bbwduc,Black-bellied Whistling-Duck,breeding,north_america,2007,2021,05-24,06-21,0.8318763200582842,0.177382786795609
bcnher_breeding,bcnher,Black-crowned Night-Heron,breeding,north_america,2007,2021,06-07,07-06,0.8343023422455579,-0.2011475111205318
belkin1_breeding,belkin1,Belted Kingfisher,breeding,north_america,2007,2021,05-24,06-28,0.8572440313913493,-0.938308746728333
belspa2_breeding,belspa2,Bell's Sparrow,breeding,north_america,2007,2021,04-12,06-14,0.604746194906931,0.48170219066700737
belvir_breeding,belvir,Bell's Vireo,breeding,north_america,2007,2021,05-31,07-06,0.8707090085284064,0.1521352256353216
berhum_resident,berhum,Berylline Hummingbird,resident,north_america,2007,2021,01-04,12-28,0.8198462987659941,-0.03972571599526609
bewwre_breeding,bewwre,Bewick's Wren,breeding,north_america,2007,2021,05-24,06-28,0.9158788359771244,-0.00405302739717905
bicthr_breeding,bicthr,Bicknell's Thrush,breeding,north_america,2007,2021,06-14,07-13,0.7937179827311157,-0.9800802117053874
bkbcuc_breeding,bkbcuc,Black-billed Cuckoo,breeding,north_america,2007,2021,06-28,07-13,0.8828792571634517,-0.01512073819827191
bkbmag1_resident,bkbmag1,Black-billed Magpie,resident,north_america,2007,2021,02-22,04-26,0.9027033449615732,-0.05961872743979967
bkbplo_nonbreeding,bkbplo,Black-bellied Plover,nonbreeding,north_america,2007,2020,12-14,03-15,0.798244244726059,0.1843059956855136
bkbwar_breeding,bkbwar,Blackburnian Warbler,breeding,north_america,2007,2021,06-14,07-20,0.7796769450520635,0.2405565153972644
bkcchi_resident,bkcchi,Black-capped Chickadee,resident,north_america,2007,2021,03-22,05-10,0.9332333550210314,-0.264646573232824
bkchum_breeding,bkchum,Black-chinned Hummingbird,breeding,north_america,2007,2021,05-31,07-13,0.8984682390253134,-0.07793975109150905
bkcspa_breeding,bkcspa,Black-chinned Sparrow,breeding,north_america,2007,2021,05-10,07-13,0.7773172638732582,-0.7163101310806685
bkhgro_breeding,bkhgro,Black-headed Grosbeak,breeding,north_america,2007,2021,06-21,07-06,0.9048552571126758,-0.34750787091638236
bknsti_breeding,bknsti,Black-necked Stilt,breeding,north_america,2007,2021,06-07,07-06,0.7771296717069971,0.1534601086885954
bktgna_resident,bktgna,Black-tailed Gnatcatcher,resident,north_america,2007,2021,02-15,04-05,0.8351566040943033,-0.8566159011979212
bktspa_breeding,bktspa,Black-throated Sparrow,breeding,north_america,2007,2021,05-31,06-28,0.8445914656098387,0.32487941385725605
bkwvir_breeding,bkwvir,Black-whiskered Vireo,breeding,north_america,2007,2021,05-10,07-20,0.7609146944302589,0.4415642071580207
blakit1_nonbreeding,blakit1,Black Kite,nonbreeding,india,2007,2020,12-21,01-11,0.759828628514433,0.5240253466850728
blaplo1_resident,blaplo1,Blacksmith Lapwing,resident,south_africa,2007,2021,01-04,12-28,0.7224031571170971,0.6711026146932452
blctit4_resident,blctit4,Black-crested Titmouse,resident,north_america,2007,2021,01-25,03-22,0.9173476453884302,-0.25566321241014694
blhpar1_resident,blhpar1,Blue-headed Parrot,resident,latin_america,2007,2021,01-04,12-28,0.9161479514426756,-0.1107655166764411
blkoys_resident,blkoys,Black Oystercatcher,resident,north_america,2007,2020,11-23,02-08,0.8081121916932986,-0.3826263021209662
blkpho_breeding,blkpho,Black Phoebe,breeding,north_america,2007,2021,05-31,08-03,0.9239167327156328,-0.05750792204673797
blksco2_nonbreeding,blksco2,Black Scoter,nonbreeding,north_america,2007,2021,01-04,02-22,0.5820323490411478,0.6562347736897778
blkski_breeding,blkski,Black Skimmer,breeding,north_america,2007,2021,06-07,07-27,0.7620117308282647,0.3976029401758229
blkswi_breeding,blkswi,Black Swift,breeding,north_america,2007,2021,06-14,07-20,0.6361657326905776,-0.2937402727934376
blkter_breeding,blkter,Black Tern,breeding,north_america,2007,2021,06-07,06-28,0.7119737697173498,0.25694655758306323
blktur_nonbreeding,blktur,Black Turnstone,nonbreeding,north_america,2007,2020,12-14,02-15,0.8803778637261256,0.01003243666454498
blkvul_resident,blkvul,Black Vulture,resident,north_america,2007,2021,01-18,03-15,0.9087479419887076,0.0271160797548949
blrwar1_nonbreeding,blrwar1,Blyth's Reed Warbler,nonbreeding,india,2007,2020,12-28,03-22,0.8750720668208439,-0.11095134723781663
blugrb1_breeding,blugrb1,Blue Grosbeak,breeding,north_america,2007,2021,06-07,07-27,0.8909279653885219,-0.07576997380128875
blujay_breeding,blujay,Blue Jay,breeding,north_america,2007,2021,06-14,07-13,0.935678938656374,0.04110086887609592
blutit_resident,blutit,Eurasian Blue Tit,resident,iberia,2007,2021,01-04,12-28,0.9103987825202882,-0.02710323801940281
bncfly_breeding,bncfly,Brown-crested Flycatcher,breeding,north_america,2007,2021,05-10,07-06,0.869357779500705,-0.16403834820099766
bnhcow_breeding,bnhcow,Brown-headed Cowbird,breeding,north_america,2007,2021,05-31,06-21,0.9362087948214596,-0.10776506577183216
bnhnut_resident,bnhnut,Brown-headed Nuthatch,resident,north_america,2007,2021,02-22,04-05,0.7910516846620761,0.17706202436802196
boboli_breeding,boboli,Bobolink,breeding,north_america,2007,2021,06-07,07-06,0.9225053090893148,-0.0807289476707747
bohwax_nonbreeding,bohwax,Bohemian Waxwing,nonbreeding,north_america,2007,2020,12-28,02-08,0.8869890246501433,0.1648355779661148
bongul_nonbreeding,bongul,Bonaparte's Gull,nonbreeding,north_america,2007,2020,12-21,02-08,0.6861817368804024,0.6555841543639923
borchi2_resident,borchi2,Boreal Chickadee,resident,north_america,2007,2021,04-05,05-31,0.7796914559328875,-1.0128885428557814
botgra_resident,botgra,Boat-tailed Grackle,resident,north_america,2007,2021,01-25,03-15,0.8871295821611096,0.0262665011673553
botspa_resident,botspa,Botteri's Sparrow,resident,north_america,2007,2021,05-03,07-13,0.6637086920913154,0.5683048357147644
bracor_resident,bracor,Brandt's Cormorant,resident,north_america,2007,2021,05-24,07-13,0.560530735656551,0.2757224113690771
brant_nonbreeding,brant,Brant,nonbreeding,north_america,2007,2020,12-07,02-01,0.6757754010235083,0.48014642913125566
brbhum_breeding,brbhum,Broad-billed Hummingbird,breeding,north_america,2007,2021,06-14,07-27,0.8326864821453787,-0.8322818118608377
brdowl_resident,brdowl,Barred Owl,resident,north_america,2007,2021,02-15,04-26,0.8498035109477364,-0.12101441798994109
brebla_breeding,brebla,Brewer's Blackbird,breeding,north_america,2007,2021,05-24,07-13,0.9176163702808472,0.20180696158162204
brespa_breeding,brespa,Brewer's Sparrow,breeding,north_america,2007,2021,06-14,07-13,0.8435982666037234,0.08999887320818033
brhpar1_resident,brhpar1,Brown-hooded Parrot,resident,central_america,2007,2021,01-04,12-28,0.791643585037001,0.07983026474917242
britit_resident,britit,Bridled Titmouse,resident,north_america,2007,2021,02-22,04-26,0.9071812595485322,-0.1410886160848799
brncre_breeding,brncre,Brown Creeper,breeding,north_america,2007,2021,05-24,07-20,0.8537449427253231,-0.06177373383594965
brnjay_resident,brnjay,Brown Jay,resident,central_america,2007,2021,02-15,03-29,0.8660878058668184,0.3310972898999169
brnowl_resident,brnowl,Barn Owl,resident,north_america,2007,2021,02-15,05-17,0.8415843568913141,0.2714535164932714
brnpel_breeding,brnpel,Brown Pelican,breeding,north_america,2007,2021,05-24,06-28,0.8070683664508687,0.15716169374727404
brnshr_nonbreeding,brnshr,Brown Shrike,nonbreeding,india,2007,2020,12-21,02-08,0.8831605898761956,0.4492319246439428
brnthr_breeding,brnthr,Brown Thrasher,breeding,north_america,2007,2021,05-31,07-06,0.9430626877663796,-0.36408169170131194
brocow_resident,brocow,Bronzed Cowbird,resident,north_america,2007,2021,05-17,07-06,0.8514941991988545,-0.21919295268382905
brthum_breeding,brthum,Broad-tailed Hummingbird,breeding,north_america,2007,2021,05-31,07-06,0.8734524442557939,0.06754342301125522
brwhaw_breeding,brwhaw,Broad-winged Hawk,breeding,north_america,2007,2021,06-21,07-27,0.8669991685678948,0.10888657675985744
btbwar_breeding,btbwar,Black-throated Blue Warbler,breeding,north_america,2007,2021,06-14,07-13,0.7972891775177782,0.5424814860617784
btnwar_breeding,btnwar,Black-throated Green Warbler,breeding,north_america,2007,2021,06-14,07-20,0.856295952522706,-0.02867302458342095
btywar_breeding,btywar,Black-throated Gray Warbler,breeding,north_america,2007,2021,06-07,07-06,0.9219982762717096,-0.2686316988028913
bubhum_resident,bubhum,Buff-bellied Hummingbird,resident,north_america,2007,2021,03-22,05-10,0.7771465813181029,0.15657304562124091
buffle_nonbreeding,buffle,Bufflehead,nonbreeding,north_america,2007,2020,12-14,02-08,0.8781397958871087,-0.3104031582335757
buggna_breeding,buggna,Blue-gray Gnatcatcher,breeding,north_america,2007,2021,06-07,07-06,0.9138314041342264,-0.19101548221566628
bugtan_resident,bugtan,Blue-gray Tanager,resident,latin_america,2007,2021,01-04,12-28,0.9217277140902788,0.07455254396671013
bulori_breeding,bulori,Bullock's Oriole,breeding,north_america,2007,2021,06-07,06-21,0.9096127852778196,-0.03236663467881954
burowl_breeding,burowl,Burrowing Owl,breeding,north_america,2007,2021,05-24,07-27,0.7039702968749969,0.303001207205979
bushti_resident,bushti,Bushtit,resident,north_america,2007,2021,02-22,04-26,0.9609921997057465,0.02322104895579769
buthum_resident,buthum,Blue-throated Mountain-gem,resident,north_america,2007,2021,03-22,09-28,0.8066571508664867,-0.6223002764032315
buwtea_breeding,buwtea,Blue-winged Teal,breeding,north_america,2007,2021,06-14,07-13,0.851088485160093,0.20617707705018928
buwwar_breeding,buwwar,Blue-winged Warbler,breeding,north_america,2007,2021,06-07,07-06,0.8644347965332997,-0.128803677777876
cacgoo1_nonbreeding,cacgoo1,Cackling Goose,nonbreeding,north_america,2007,2021,01-04,01-25,0.8689897187685094,-0.0626045928903156
cacwre_resident,cacwre,Cactus Wren,resident,north_america,2007,2021,02-01,03-22,0.8867475537545882,-0.05215056939644259
calgna_resident,calgna,California Gnatcatcher,resident,north_america,2007,2021,02-01,04-05,0.9012854842307548,-0.6949542135859865
calgul_breeding,calgul,California Gull,breeding,north_america,2007,2021,05-24,06-21,0.7195948827284082,-0.0075103912023733
calhum_breeding,calhum,Calliope Hummingbird,breeding,north_america,2007,2021,06-07,06-21,0.8613269314945349,0.06628586995013677
calqua_resident,calqua,California Quail,resident,north_america,2007,2021,02-15,04-12,0.91717306810735455,-0.08030393197781269
calthr_resident,calthr,California Thrasher,resident,north_america,2007,2021,02-22,05-17,0.8950386579616099,-0.31513330612056234
caltow_resident,caltow,California Towhee,resident,north_america,2007,2021,01-25,03-15,0.9633705328550244,-0.316378256265445
camwar_nonbreeding,camwar,Cape May Warbler,nonbreeding,north_america,2007,2020,12-07,03-22,0.6717609266906531,0.07556832980106207
cangoo_breeding,cangoo,Canada Goose,breeding,north_america,2007,2021,06-07,07-13,0.874298148802483,-0.2381837001939937
cantow_resident,cantow,Canyon Towhee,resident,north_america,2007,2021,02-22,04-19,0.8820540351644407,-0.7217098690761586
canvas_nonbreeding,canvas,Canvasback,nonbreeding,north_america,2007,2020,12-21,01-11,0.6229935604109947,0.03960013720976322
canwar_breeding,canwar,Canada Warbler,breeding,north_america,2007,2021,06-14,07-20,0.6982915307424826,0.6409481968180335
canwre_resident,canwre,Canyon Wren,resident,north_america,2007,2021,03-15,05-10,0.8816214935774509,-0.29278291664683836
carchi_resident,carchi,Carolina Chickadee,resident,north_america,2007,2021,02-22,04-26,0.8596030202603839,-0.5911653327755753
carwre_resident,carwre,Carolina Wren,resident,north_america,2007,2021,03-22,05-03,0.9422674472682032,-0.17410616161524584
casfin_breeding,casfin,Cassin's Finch,breeding,north_america,2007,2021,06-07,08-31,0.8928045262445042,-0.12063001449676344
caskin_breeding,caskin,Cassin's Kingbird,breeding,north_america,2007,2021,05-31,07-06,0.8430123145200383,-0.02075517630911613
casspa_breeding,casspa,Cassin's Sparrow,breeding,north_america,2007,2021,05-31,07-20,0.7821101189781062,0.07064445053422581
caster1_breeding,caster1,Caspian Tern,breeding,north_america,2007,2021,06-07,07-06,0.7976571251545904,0.17321357712241434
casvir_breeding,casvir,Cassin's Vireo,breeding,north_america,2007,2021,06-21,07-06,0.8536984903531603,-0.3812824251567618
categr_breeding,categr,Cattle Egret,breeding,north_america,2007,2021,05-24,08-24,0.8132659698083001,0.14707612273373435
cavswa_breeding,cavswa,Cave Swallow,breeding,north_america,2007,2021,05-17,06-14,0.8382539640344815,0.22827947412069713
cedwax_breeding,cedwax,Cedar Waxwing,breeding,north_america,2007,2021,06-21,07-20,0.9372192813898352,-0.2924448318667148
cerwar_breeding,cerwar,Cerulean Warbler,breeding,north_america,2007,2021,05-31,07-13,0.7473595641254533,1.1987958668048448
chbchi_resident,chbchi,Chestnut-backed Chickadee,resident,north_america,2007,2021,01-25,03-15,0.7875828705360515,-0.6651337436668319
chhoro1_resident,chhoro1,Chestnut-headed Oropendola,resident,central_america,2007,2020,10-26,05-24,0.7596366795669244,0.08891251651319215
chirav_resident,chirav,Chihuahuan Raven,resident,north_america,2007,2021,03-15,04-26,0.7910362137353126,0.05711094886349981
chispa_breeding,chispa,Chipping Sparrow,breeding,north_america,2007,2021,06-14,07-06,0.9333964457089512,-0.2500222372645399
chiswi_breeding,chiswi,Chimney Swift,breeding,north_america,2007,2021,06-07,07-13,0.9442974208228012,-0.1695877874316541
chswar_breeding,chswar,Chestnut-sided Warbler,breeding,north_america,2007,2021,06-14,07-13,0.8846007784994695,0.05882962228293125
chukar_resident,chukar,Chukar,resident,north_america,2007,2021,02-15,04-12,0.6593684922072967,1.3750032587594367
cintea_breeding,cintea,Cinnamon Teal,breeding,north_america,2007,2021,05-24,06-28,0.8819366901377466,0.05586353848643243
citwar1_resident,citwar1,Citrine Warbler,resident,south_america,2007,2021,01-04,12-28,0.700355748853619,0.07569750587900903
clagre_breeding,clagre,Clark's Grebe,breeding,north_america,2007,2021,05-17,06-28,0.6493858662651991,0.40883052062112807
clanut_resident,clanut,Clark's Nutcracker,resident,north_america,2007,2021,01-11,02-22,0.7931109679638773,0.01259521257171559
clarai11_breeding,clarai11,Clapper Rail,breeding,north_america,2007,2021,05-24,07-27,0.8775286057163101,0.10416985336572245
clcrob_resident,clcrob,Clay-colored Thrush,resident,north_america,2007,2021,01-11,03-08,0.8897153494499459,0.10816168114466884
clcspa_breeding,clcspa,Clay-colored Sparrow,breeding,north_america,2007,2021,06-14,07-20,0.8580766784970056,0.11580315845075756
cliswa_breeding,cliswa,Cliff Swallow,breeding,north_america,2007,2021,06-07,07-13,0.9108816221892854,0.07332284799644906
cogdov_resident,cogdov,Common Ground Dove,resident,north_america,2007,2021,04-19,05-31,0.8665211304821971,0.04581154157405353
colinc1_resident,colinc1,Collared Inca,resident,south_america,2007,2021,01-04,12-28,0.7784438198978106,0.377545118435359
comblh1_breeding,comblh1,Common Black Hawk,breeding,north_america,2007,2021,05-24,05-31,0.6391991871112066,-0.3962181474796995
comeid_nonbreeding,comeid,Common Eider,nonbreeding,north_america,2007,2020,12-14,02-15,0.6353951429279202,0.35423473692586827
comgal1_breeding,comgal1,Common Gallinule,breeding,north_america,2007,2021,05-31,07-06,0.8169771521369351,0.1370924158866478
comgol_nonbreeding,comgol,Common Goldeneye,nonbreeding,north_america,2007,2021,01-04,02-08,0.879882258582522,0.01996892004281788
comgra_breeding,comgra,Common Grackle,breeding,north_america,2007,2021,05-24,07-20,0.9433707272770792,-0.0776493001983805
comloo_nonbreeding,comloo,Common Loon,nonbreeding,north_america,2007,2020,12-28,01-18,0.7787123486663567,0.48356930092584965
commer_nonbreeding,commer,Common Merganser,nonbreeding,north_america,2007,2020,12-28,02-08,0.7713459186712156,0.29837131236305425
comnig_breeding,comnig,Common Nighthawk,breeding,north_america,2007,2021,06-28,07-20,0.7656985307040259,0.252834296699164
compau_resident,compau,Common Pauraque,resident,north_america,2007,2021,02-08,04-19,0.7660277403698035,0.3764170725091801
comrav_resident,comrav,Common Raven,resident,north_america,2007,2021,05-31,06-28,0.8970058427728209,-0.17751458988049557
comred_nonbreeding,comred,Common Redpoll,nonbreeding,north_america,2007,2021,01-11,02-01,0.9077569458964106,-0.07756094265724922
comyel_breeding,comyel,Common Yellowthroat,breeding,north_america,2007,2021,05-31,07-13,0.9275348701508046,-0.23166930819807047
coohaw_breeding,coohaw,Cooper's Hawk,breeding,north_america,2007,2021,06-07,07-20,0.9402720116194444,-0.2873492712565457
copbar1_resident,copbar1,Coppersmith Barbet,resident,india,2007,2021,01-04,12-28,0.9202806802686236,0.6830557026115996
corfly_breeding,corfly,Cordilleran Flycatcher,breeding,north_america,2007,2021,06-14,07-27,0.8841351708684048,-0.22420645299890396
coshum_breeding,coshum,Costa's Hummingbird,breeding,north_america,2007,2021,02-08,05-31,0.853783384157074,0.06319733663332244
coukin_resident,coukin,Couch's Kingbird,resident,north_america,2007,2021,03-08,04-26,0.9155607710025891,-0.10013819332106597
cowscj1_resident,cowscj1,California Scrub-Jay,resident,north_america,2007,2021,02-01,03-29,0.9542908313757158,-0.22080034484963312
cregua1_resident,cregua1,Crested Guan,resident,latin_america,2007,2021,01-04,12-28,0.7963601907095735,-0.01897816016865416
crithr_resident,crithr,Crissal Thrasher,resident,north_america,2007,2021,01-04,03-01,0.821669305601894,0.07591739274725416
cubthr_resident,cubthr,Curve-billed Thrasher,resident,north_america,2007,2021,01-11,03-22,0.8901929448961917,-0.00542467102050783
daejun_breeding,daejun,Dark-eyed Junco,breeding,north_america,2007,2021,06-07,07-27,0.848968124139931,0.04162534486467823
dickci_breeding,dickci,Dickcissel,breeding,north_america,2007,2021,06-21,07-27,0.8763966462656735,0.05288537202790211
dobplo1_breeding,dobplo1,Double-banded Plover,breeding,new_zealand,2007,2021,10-19,11-30,0.7074920780016755,0.09189032525570624
doccor_breeding,doccor,Double-crested Cormorant,breeding,north_america,2007,2021,05-31,06-28,0.7533078424088085,0.148256058908706
dowwoo_resident,dowwoo,Downy Woodpecker,resident,north_america,2007,2021,02-22,04-12,0.932678181618887,-0.11369842332202436
ducfly_breeding,ducfly,Dusky-capped Flycatcher,breeding,north_america,2007,2021,05-03,07-13,0.8501343144863478,0.06167282247514164
dunlin_nonbreeding,dunlin,Dunlin,nonbreeding,north_america,2007,2020,12-28,02-08,0.763370474037204,0.29852788495939153
dusfly_breeding,dusfly,Dusky Flycatcher,breeding,north_america,2007,2021,06-21,07-20,0.8819519965695881,-0.24387620400371485
dusgro_resident,dusgro,Dusky Grouse,resident,north_america,2007,2021,04-05,09-28,0.7582273748032621,0.1988240327175665
eardov1_resident,eardov1,Eared Dove,resident,south_america,2007,2021,01-04,12-28,0.8000173184192974,4.46703854055471e-4
easblu_breeding,easblu,Eastern Bluebird,breeding,north_america,2007,2021,05-31,07-13,0.8998959444217227,-0.3679820787532612
easkin_breeding,easkin,Eastern Kingbird,breeding,north_america,2007,2021,06-07,07-13,0.940434131421593,0.210444341869776
easmea_breeding,easmea,Eastern Meadowlark,breeding,north_america,2007,2021,05-17,07-06,0.8836780451114675,-0.17601976880639358
easowl1_resident,easowl1,Eastern Screech-Owl,resident,north_america,2007,2021,03-15,05-03,0.8577096772269472,-0.11581893473885475
easpho_breeding,easpho,Eastern Phoebe,breeding,north_america,2007,2021,05-31,07-06,0.9283227280854957,-0.4053291090751415
eastow_breeding,eastow,Eastern Towhee,breeding,north_america,2007,2021,06-07,07-06,0.9118901053648224,-0.1762146882131402
eawpew_breeding,eawpew,Eastern Wood-Pewee,breeding,north_america,2007,2021,06-14,07-13,0.913006526334852,-0.00301301389384212
eleter1_breeding,eleter1,Elegant Tern,breeding,north_america,2007,2021,05-03,06-14,0.5425794330577625,0.8998286360297219
eletro_resident,eletro,Elegant Trogon,resident,north_america,2007,2021,03-22,05-24,0.674019116851525,-1.329586073686721
eucdov_resident,eucdov,Eurasian Collared-Dove,resident,north_america,2007,2021,03-01,05-03,0.9022871595979542,-0.0999421631018322
eursta_breeding,eursta,European Starling,breeding,north_america,2007,2021,04-26,05-17,0.9470124804288216,-0.08467827654336448
eutspa_resident,eutspa,Eurasian Tree Sparrow,resident,north_america,2007,2020,11-09,02-22,0.660088260371081,-0.133675154892196
evegro_breeding,evegro,Evening Grosbeak,breeding,north_america,2007,2021,06-07,07-13,0.7506890938493943,0.0692757287528735
fepowl_resident,fepowl,Ferruginous Pygmy-Owl,resident,north_america,2007,2021,02-22,04-19,0.8987436856806701,-0.1062107358280258
ferhaw_nonbreeding,ferhaw,Ferruginous Hawk,nonbreeding,north_america,2007,2020,12-14,02-01,0.8090664484329547,0.739358538057374
fernbi1_resident,fernbi1,New Zealand Fernbird,resident,new_zealand,2007,2021,01-04,12-28,0.5604996867101238,-0.9601878788111646
fiespa_breeding,fiespa,Field Sparrow,breeding,north_america,2007,2021,05-31,07-13,0.9294293280956096,-0.18783564200651284
fiscro_breeding,fiscro,Fish Crow,breeding,north_america,2007,2021,04-19,06-14,0.9179573094521792,-0.14358587871433684
flaowl_breeding,flaowl,Flammulated Owl,breeding,north_america,2007,2021,05-31,06-21,0.5535801466567424,0.9991571250335572
flsjay_resident,flsjay,Florida Scrub-Jay,resident,north_america,2007,2021,01-18,04-05,0.783165176388932,0.7482270735135296
forter_breeding,forter,Forster's Tern,breeding,north_america,2007,2021,06-07,07-06,0.764322441102509,0.38857031995688984
fotfly_breeding,fotfly,Fork-tailed Flycatcher,breeding,latin_america,2007,2020,11-30,01-18,0.7810759471673797,0.32013321071319717
foxspa_nonbreeding,foxspa,Fox Sparrow,nonbreeding,north_america,2007,2021,01-18,02-08,0.8990494195924406,-0.1035920359634063
fragul_breeding,fragul,Franklin's Gull,breeding,north_america,2007,2021,06-14,07-13,0.7331245447415536,-0.01713510658146834
fuwduc_breeding,fuwduc,Fulvous Whistling-Duck,breeding,north_america,2007,2021,05-10,07-20,0.6309212579128445,0.5067532073421073
gadwal_breeding,gadwal,Gadwall,breeding,north_america,2007,2021,06-14,07-20,0.9014671199599557,-0.0564786207042815
gamqua_resident,gamqua,Gambel's Quail,resident,north_america,2007,2021,03-01,05-10,0.891034376895807,0.12965413036297097
gbbgul_resident,gbbgul,Great Black-backed Gull,resident,north_america,2007,2021,03-01,04-26,0.7784625141307214,-0.05669821096773875
gbwwre1_resident,gbwwre1,Gray-breasted Wood-Wren,resident,latin_america,2007,2021,01-04,12-28,0.8088972395607265,0.5936717470009086
gchwar_breeding,gchwar,Golden-cheeked Warbler,breeding,north_america,2007,2021,04-19,05-31,0.7313239698654947,-0.23741839873272447
gcrfin_nonbreeding,gcrfin,Gray-crowned Rosy-Finch,nonbreeding,north_america,2007,2020,12-28,02-15,0.666751498009629,0.7992460648694216
gcrwar_resident,gcrwar,Golden-crowned Warbler,resident,latin_america,2007,2021,01-04,12-28,0.8630749936923342,0.1027435164722759
giahum1_breeding,giahum1,Giant Hummingbird,breeding,south_america,2007,2020,09-21,02-08,0.7112286148952824,0.221330393179394
gilfli_resident,gilfli,Gilded Flicker,resident,north_america,2007,2021,02-08,04-05,0.7927706181320854,0.5079718064952398
gilwoo_resident,gilwoo,Gila Woodpecker,resident,north_america,2007,2021,01-18,03-15,0.914086773801036,-0.14572979174128123
gloibi_breeding,gloibi,Glossy Ibis,breeding,north_america,2007,2021,05-03,07-20,0.6492817865994843,0.6687667590279304
glwgul_nonbreeding,glwgul,Glaucous-winged Gull,nonbreeding,north_america,2007,2020,12-14,02-22,0.7881240318058692,0.06449763167500218
gnttow_breeding,gnttow,Green-tailed Towhee,breeding,north_america,2007,2021,06-21,07-27,0.8664267203643436,0.3611315582991188
gnwtea_nonbreeding,gnwtea,Green-winged Teal,nonbreeding,north_america,2007,2020,12-28,01-25,0.8396755654054311,-0.19632546826136396
gockin_nonbreeding,gockin,Golden-crowned Kinglet,nonbreeding,north_america,2007,2020,12-21,01-25,0.8433031073332887,-0.5052625166524389
gocspa_nonbreeding,gocspa,Golden-crowned Sparrow,nonbreeding,north_america,2007,2020,12-07,02-08,0.838929868627265,-0.1698878229362562
gofwoo_resident,gofwoo,Golden-fronted Woodpecker,resident,north_america,2007,2021,02-15,03-29,0.9060093679789138,-0.07059234972454184
goleag_nonbreeding,goleag,Golden Eagle,nonbreeding,north_america,2007,2020,12-14,01-25,0.8574129828598281,0.44714188076653005
gowwar_breeding,gowwar,Golden-winged Warbler,breeding,north_america,2007,2021,06-14,07-06,0.6522365788762298,0.630952533242456
graspa_breeding,graspa,Grasshopper Sparrow,breeding,north_america,2007,2021,06-07,07-06,0.8969012274530611,0.06972209342755191
grawar_breeding,grawar,Grace's Warbler,breeding,north_america,2007,2021,06-07,07-20,0.8467851339515919,-0.4259961131854819
grbani_breeding,grbani,Groove-billed Ani,breeding,north_america,2007,2021,05-10,08-10,0.8666773458737097,0.1885632339368836
grbher3_breeding,grbher3,Great Blue Heron,breeding,north_america,2007,2021,05-24,06-21,0.8806285111095578,-0.20950882228298037
grcfly_breeding,grcfly,Great Crested Flycatcher,breeding,north_america,2007,2021,06-07,07-06,0.949606100572818,-0.2832099742401438
grecor_nonbreeding,grecor,Great Cormorant,nonbreeding,north_america,2007,2020,12-14,02-15,0.762515088764514,0.1870773605932369
greegr_breeding,greegr,Great Egret,breeding,north_america,2007,2021,05-10,08-31,0.8668790695421081,-0.15851755369186968
grekis_resident,grekis,Great Kiskadee,resident,north_america,2007,2021,01-18,03-08,0.8887278687726529,-0.27641950608900223
grepew_breeding,grepew,Greater Pewee,breeding,north_america,2007,2021,05-10,07-13,0.8186645179267735,-0.4607521201585178
greroa_resident,greroa,Greater Roadrunner,resident,north_america,2007,2021,02-01,03-29,0.8828052033761582,-0.03258264120129022
gresca_nonbreeding,gresca,Greater Scaup,nonbreeding,north_america,2007,2020,12-21,01-25,0.7145280404447606,0.13000284239120027
grhowl_resident,grhowl,Great Horned Owl,resident,north_america,2007,2021,01-18,03-08,0.9121280919321448,-0.122786999175527
grnher_breeding,grnher,Green Heron,breeding,north_america,2007,2021,06-07,07-13,0.93471691016162,-0.38193942527549074
grnjay_resident,grnjay,Green Jay,resident,north_america,2007,2021,01-11,03-08,0.9171870353630528,-0.532425314534831
grnkin_resident,grnkin,Green Kingfisher,resident,north_america,2007,2021,04-12,05-31,0.8093537537565783,0.24033443920955855
grnpar_resident,grnpar,Green Parakeet,resident,central_america,2007,2021,01-04,12-28,0.8093799126982422,1.1443355919511409
grnwoo3_resident,grnwoo3,Iberian Green Woodpecker,resident,iberia,2007,2021,01-04,12-28,0.8698461902105219,-0.22292594147081057
grtgra_breeding,grtgra,Great-tailed Grackle,breeding,north_america,2007,2021,05-03,07-06,0.910898360212136,-0.2037063884479237
grycat_breeding,grycat,Gray Catbird,breeding,north_america,2007,2021,06-14,07-20,0.9122524926960422,0.19167897297005057
gryfly_breeding,gryfly,Gray Flycatcher,breeding,north_america,2007,2021,06-14,07-06,0.7931117921503363,0.16923246824492033
gryhaw2_breeding,gryhaw2,Gray Hawk,breeding,north_america,2007,2021,04-12,06-14,0.8683565900531275,-0.07262542592298371
gryjay_resident,gryjay,Canada Jay,resident,north_america,2007,2021,01-11,03-08,0.8531923872763035,0.3393163530461017
grykin_breeding,grykin,Gray Kingbird,breeding,north_america,2007,2021,06-07,08-03,0.8532563803404771,-0.598769707450879
grypar_resident,grypar,Gray Partridge,resident,north_america,2007,2021,01-04,12-28,0.6888682524196142,0.7217706762115523
gryvir_breeding,gryvir,Gray Vireo,breeding,north_america,2007,2021,05-24,06-28,0.6745461411967336,-0.4410598852924102
grywag_nonbreeding,grywag,Gray Wagtail,nonbreeding,india,2007,2020,11-16,02-01,0.8695739101384681,0.35731927725392365
gubter1_breeding,gubter1,Gull-billed Tern,breeding,north_america,2007,2021,05-24,08-17,0.743744105171581,0.3637485282394388
gwfgoo_nonbreeding,gwfgoo,Greater White-fronted Goose,nonbreeding,north_america,2007,2020,12-14,01-18,0.7831282006767317,0.12532422206198385
haiwoo_resident,haiwoo,Hairy Woodpecker,resident,north_america,2007,2021,02-22,04-12,0.9231494460622922,-0.3466343658600309
hamfly_breeding,hamfly,Hammond's Flycatcher,breeding,north_america,2007,2021,06-14,07-20,0.8300836199333599,0.16124678215891444
harspa_nonbreeding,harspa,Harris's Sparrow,nonbreeding,north_america,2007,2020,12-28,03-01,0.7661165297207856,0.24839235437960436
heegul_nonbreeding,heegul,Heermann's Gull,nonbreeding,north_america,2007,2021,08-17,10-26,0.752697203736157,0.5057497108454809
henspa_breeding,henspa,Henslow's Sparrow,breeding,north_america,2007,2021,05-17,08-10,0.8698295299861942,-0.10098188462222372
heptan_breeding,heptan,Hepatic Tanager,breeding,north_america,2007,2021,05-31,06-28,0.8442687229022556,-0.4717770670770891
hergul_nonbreeding,hergul,Herring Gull,nonbreeding,north_america,2007,2020,12-14,03-01,0.8249913197295992,-0.05349954263838439
herthr_breeding,herthr,Hermit Thrush,breeding,north_america,2007,2021,06-07,07-13,0.8341558141191243,0.09569028200942188
herwar_breeding,herwar,Hermit Warbler,breeding,north_america,2007,2021,06-14,07-13,0.7696547349082489,0.5026956645047689
higtin1_resident,higtin1,Highland Tinamou,resident,latin_america,2007,2021,01-04,12-28,0.5210380913363489,0.8616316367352932
hoomer_nonbreeding,hoomer,Hooded Merganser,nonbreeding,north_america,2007,2020,12-21,01-18,0.8910335645030127,-0.01958222155890621
hooori_breeding,hooori,Hooded Oriole,breeding,north_america,2007,2021,05-10,07-13,0.9486090103651688,-0.3382992962277264
hoowar_breeding,hoowar,Hooded Warbler,breeding,north_america,2007,2021,06-07,07-13,0.84264650862771,0.5262927519943318
horgre_nonbreeding,horgre,Horned Grebe,nonbreeding,north_america,2007,2020,12-28,02-08,0.7345260103767466,-0.35560545727308807
horlar_nonbreeding,horlar,Horned Lark,nonbreeding,north_america,2007,2020,12-07,01-18,0.8352096616575418,-0.05660903998978723
houfin_resident,houfin,House Finch,resident,north_america,2007,2021,03-08,04-26,0.9522130449148626,0.04669477592024671
houspa_resident,houspa,House Sparrow,resident,north_america,2007,2021,01-04,02-22,0.9489779351131168,-0.29498498494251174
houwre_breeding,houwre,House Wren,breeding,north_america,2007,2021,06-14,08-03,0.9339390327325202,0.07098817657508838
hrshaw_resident,hrshaw,Harris's Hawk,resident,north_america,2007,2021,05-03,06-14,0.6576198062482292,0.07189614526411989
hutvir_resident,hutvir,Hutton's Vireo,resident,north_america,2007,2021,01-25,04-19,0.8921809630615615,-0.5674443936966234
ibgshr1_resident,ibgshr1,Iberian Gray Shrike,resident,iberia,2007,2021,01-04,12-28,0.8521974704086196,0.28949938318802215
incdov_resident,incdov,Inca Dove,resident,north_america,2007,2021,01-04,12-28,0.9036285061052708,-0.11372202639689744
indbun_breeding,indbun,Indigo Bunting,breeding,north_america,2007,2021,06-07,07-13,0.9004059218362487,-0.2631603251774435
indpit1_nonbreeding,indpit1,Indian Pitta,nonbreeding,india,2007,2020,12-07,03-08,0.7042111740430058,0.5461427118590751
indrob1_resident,indrob1,Indian Robin,resident,india,2007,2021,01-04,12-28,0.9022216275643952,0.3007053772313741
indrol2_resident,indrol2,Indian Roller,resident,india,2007,2021,01-04,12-28,0.8601233126176256,0.4676667067938449
juntit1_resident,juntit1,Juniper Titmouse,resident,north_america,2007,2021,05-31,07-06,0.8448079106957337,-0.31343888569127243
karpri1_resident,karpri1,Karoo Prinia,resident,south_africa,2007,2021,01-04,12-28,0.9206419112022676,-0.38391446892824965
kea1_resident,kea1,Kea,resident,new_zealand,2007,2021,01-04,12-28,0.5843798826504358,0.6812172171390573
kenwar_breeding,kenwar,Kentucky Warbler,breeding,north_america,2007,2021,05-31,06-28,0.8704015781912053,0.6050040791320616
killde_breeding,killde,Killdeer,breeding,north_america,2007,2021,05-10,06-14,0.9439281532873618,-0.06311138595449974
kinrai4_breeding,kinrai4,King Rail,breeding,north_america,2007,2021,05-17,07-13,0.7067060676888968,0.16996164222929133
labwoo_resident,labwoo,Ladder-backed Woodpecker,resident,north_america,2007,2021,01-11,03-22,0.895244051536203,-0.13133555767853936
laplon_nonbreeding,laplon,Lapland Longspur,nonbreeding,north_america,2007,2020,11-30,01-25,0.7521000809026192,0.16570798797194808
larspa_breeding,larspa,Lark Sparrow,breeding,north_america,2007,2021,05-31,07-06,0.8845877123986111,0.18212610117079983
laugul_breeding,laugul,Laughing Gull,breeding,north_america,2007,2021,05-10,06-28,0.6934357143343273,0.33833218838640144
lawgol_breeding,lawgol,Lawrence's Goldfinch,breeding,north_america,2007,2021,06-07,06-28,0.7308290361582274,0.09460961863459988
lazbun_breeding,lazbun,Lazuli Bunting,breeding,north_america,2007,2021,06-14,07-13,0.9070010762430472,0.02034041189891168
lbbgul_nonbreeding,lbbgul,Lesser Black-backed Gull,nonbreeding,north_america,2007,2020,12-21,03-15,0.5271350537577043,1.016913301080154
leabit_breeding,leabit,Least Bittern,breeding,north_america,2007,2021,06-07,07-20,0.8280656958247942,-0.06364448240177603
leafly_breeding,leafly,Least Flycatcher,breeding,north_america,2007,2021,06-21,07-13,0.8305151194594804,0.11428713374251696
leagre_resident,leagre,Least Grebe,resident,north_america,2007,2021,05-03,05-31,0.6160589874785627,0.2493836289997171
leasan_nonbreeding,leasan,Least Sandpiper,nonbreeding,north_america,2007,2021,01-04,02-15,0.7842787574550614,-0.17553761214142852
leater1_breeding,leater1,Least Tern,breeding,north_america,2007,2021,05-31,06-28,0.7830695009170608,0.6061100961228787
lecthr_resident,lecthr,LeConte's Thrasher,resident,north_america,2007,2021,01-11,03-01,0.5481730884144991,-0.06326826864822468
lesgol_breeding,lesgol,Lesser Goldfinch,breeding,north_america,2007,2021,06-07,07-13,0.9265493880772826,-0.11772371021979484
lesnig_breeding,lesnig,Lesser Nighthawk,breeding,north_america,2007,2021,05-24,08-03,0.7543904069851746,0.9141737597049324
lessca_nonbreeding,lessca,Lesser Scaup,nonbreeding,north_america,2007,2020,12-21,01-18,0.7207173988413318,-2.915062790396532e-4
lewwoo_breeding,lewwoo,Lewis's Woodpecker,breeding,north_america,2007,2021,05-31,07-06,0.7620045586753419,0.5395802622494222
libher_breeding,libher,Little Blue Heron,breeding,north_america,2007,2021,06-07,07-06,0.7863905492515771,-0.1516539214716295
limpki_resident,limpki,Limpkin,resident,north_america,2007,2021,01-11,03-15,0.8342833206760282,0.0945950420160773
linspa_breeding,linspa,Lincoln's Sparrow,breeding,north_america,2007,2021,06-28,07-27,0.8100283789745415,-0.1181254562557608
lipcor1_resident,lipcor1,Little Pied Cormorant,resident,new_zealand,2007,2021,01-04,12-28,0.8440244782734303,-0.0347688873379279
lobcur_breeding,lobcur,Long-billed Curlew,breeding,north_america,2007,2021,05-24,06-14,0.6993675849346037,0.11861823843025296
lobdow_nonbreeding,lobdow,Long-billed Dowitcher,nonbreeding,north_america,2007,2021,01-04,01-25,0.7602654779752889,0.07454879243701343
lobthr_resident,lobthr,Long-billed Thrasher,resident,north_america,2007,2021,03-01,05-17,0.8593262854913227,0.2768317691121487
loeowl_nonbreeding,loeowl,Long-eared Owl,nonbreeding,north_america,2007,2020,12-21,02-08,0.8120577890629872,0.5118314749045205
logshr_breeding,logshr,Loggerhead Shrike,breeding,north_america,2007,2021,05-24,06-14,0.8141062131840895,0.12865443411997515
lotman1_resident,lotman1,Long-tailed Manakin,resident,central_america,2007,2021,01-04,12-28,0.7499235815242711,0.6955940523961109
lotshr1_nonbreeding,lotshr1,Long-tailed Shrike,nonbreeding,india,2007,2020,12-07,02-01,0.8668324664934547,0.3359037667068367
louwat_breeding,louwat,Louisiana Waterthrush,breeding,north_america,2007,2021,05-24,06-14,0.9033064333485494,0.35971749080066784
lucwar_breeding,lucwar,Lucy's Warbler,breeding,north_america,2007,2021,05-10,07-06,0.8302447970683735,-0.528672383989497
macwar_breeding,macwar,MacGillivray's Warbler,breeding,north_america,2007,2021,06-21,07-20,0.8820601435380637,-0.06266351529466935
magfri_breeding,magfri,Magnificent Frigatebird,breeding,north_america,2007,2021,05-31,08-03,0.7010496165274159,-0.387770038768193
maghum1_breeding,maghum1,Rivoli's Hummingbird,breeding,north_america,2007,2021,05-31,07-06,0.7219469967611802,-0.8472680895341911
magrob_resident,magrob,Oriental Magpie-Robin,resident,india,2007,2021,01-04,12-28,0.9421612630605348,0.2991276982098535
magwar_breeding,magwar,Magnolia Warbler,breeding,north_america,2007,2021,06-14,07-20,0.7605895484012145,0.398404345049597
mallar3_breeding,mallar3,Mallard,breeding,north_america,2007,2021,06-07,07-27,0.858585002934641,-0.31441038482216793
mancuc_resident,mancuc,Mangrove Cuckoo,resident,north_america,2007,2021,04-05,05-17,0.7409233625635707,0.2567855432320358
marmur_resident,marmur,Marbled Murrelet,resident,north_america,2007,2020,12-14,02-15,0.5866957445400899,0.7434941160889947
marwre_breeding,marwre,Marsh Wren,breeding,north_america,2007,2021,06-21,07-13,0.926341051622392,-0.02265215355043829
merlin_nonbreeding,merlin,Merlin,nonbreeding,north_america,2007,2020,12-07,02-22,0.9166277079301371,-0.06286388695234556
mewgul2_nonbreeding,mewgul2,Short-billed Gull,nonbreeding,north_america,2007,2020,12-14,03-01,0.8171770123490991,0.06917707548480734
mexduc_resident,mexduc,Mexican Duck,resident,north_america,2007,2021,01-04,12-28,0.7957553956601466,-0.1659619670316985
mexjay4_resident,mexjay4,Mexican Jay,resident,north_america,2007,2021,02-15,05-10,0.9006653056185324,-0.6509170450896719
miskit_breeding,miskit,Mississippi Kite,breeding,north_america,2007,2021,06-07,08-03,0.8524769463552009,-0.18841798076641192
monpar_resident,monpar,Monk Parakeet,resident,north_america,2007,2021,10-26,11-30,0.870994732373187,-0.0623904273352568
motduc_resident,motduc,Mottled Duck,resident,north_america,2007,2021,02-22,04-19,0.9023091359948412,0.03234748553230412
moublu_breeding,moublu,Mountain Bluebird,breeding,north_america,2007,2021,05-03,06-07,0.8880832464982348,0.2921259694002736
mouchi_resident,mouchi,Mountain Chickadee,resident,north_america,2007,2021,02-01,03-15,0.9027573811430616,-0.2902936871874218
moudov_breeding,moudov,Mourning Dove,breeding,north_america,2007,2021,05-24,07-06,0.931973205938668,-0.03573253163512722
mouqua_resident,mouqua,Mountain Quail,resident,north_america,2007,2021,03-01,05-24,0.789092230922665,-1.0083454026659608
mouwar_breeding,mouwar,Mourning Warbler,breeding,north_america,2007,2021,06-21,07-27,0.7698083342544462,0.05977641019089579
musduc_resident,musduc,Muscovy Duck,resident,north_america,2007,2021,05-03,05-31,0.744656870487135,0.6924153577325226
mutswa_breeding,mutswa,Mute Swan,breeding,north_america,2007,2021,03-22,06-14,0.812802277665343,0.08941910644481016
naswar_breeding,naswar,Nashville Warbler,breeding,north_america,2007,2021,06-21,07-13,0.8166755967728286,0.25103321848370386
neocor_resident,neocor,Neotropic Cormorant,resident,north_america,2007,2021,05-03,06-14,0.7588090387922025,0.2668722979316834
nezbel1_resident,nezbel1,New Zealand Bellbird,resident,new_zealand,2007,2021,01-04,12-28,0.8499207945200699,-0.5301622989219991
nezfan1_resident,nezfan1,New Zealand Fantail,resident,new_zealand,2007,2021,01-04,12-28,0.9118331959294006,0.01107200972149986
nezpig2_resident,nezpig2,New Zealand Pigeon,resident,new_zealand,2007,2021,01-04,12-28,0.8596726556424495,0.36488070019273694
nobtyr_breeding,nobtyr,Northern Beardless-Tyrannulet,breeding,north_america,2007,2021,04-05,09-14,0.8696612170683401,-0.1813739267281993
nopowl_resident,nopowl,Northern Pygmy-Owl,resident,north_america,2007,2021,02-15,04-05,0.8440086201445678,0.10235691938771176
norbob_resident,norbob,Northern Bobwhite,resident,north_america,2007,2021,04-05,06-28,0.8721298346294727,0.129497400594092
norcar_resident,norcar,Northern Cardinal,resident,north_america,2007,2021,03-01,04-26,0.9499755677153786,-0.1868615055818207
noremt1_resident,noremt1,Northern Emerald-Toucanet,resident,central_america,2007,2021,01-04,12-28,0.7651879808355084,0.7844065213904521
norfli_breeding,norfli,Northern Flicker,breeding,north_america,2007,2021,06-07,07-06,0.923289216731484,-0.4715063607301102
norgos_nonbreeding,norgos,Northern Goshawk,nonbreeding,north_america,2007,2020,12-21,01-18,0.8059354825678364,0.387264643371737
norhar2_nonbreeding,norhar2,Northern Harrier,nonbreeding,north_america,2007,2020,12-28,02-01,0.8959557473817725,-0.02786028173540427
norjac_resident,norjac,Northern Jacana,resident,central_america,2007,2021,01-04,12-28,0.7812966969523517,-0.20675323106462484
normoc_breeding,normoc,Northern Mockingbird,breeding,north_america,2007,2021,06-14,07-27,0.9373370361086376,-0.26537768380230786
norpar_breeding,norpar,Northern Parula,breeding,north_america,2007,2021,06-21,07-27,0.8327422762176151,0.09376140180950096
norpin_nonbreeding,norpin,Northern Pintail,nonbreeding,north_america,2007,2020,12-21,01-18,0.7684730333815206,0.062554531341501185
norsho_nonbreeding,norsho,Northern Shoveler,nonbreeding,north_america,2007,2020,12-28,01-25,0.7979325313595976,-0.04201233444919795
norshr4_nonbreeding,norshr4,Northern Shrike,nonbreeding,north_america,2007,2020,11-30,01-25,0.9023450141952644,0.13028622369120513
norwat_breeding,norwat,Northern Waterthrush,breeding,north_america,2007,2021,06-14,07-13,0.785416841860288,0.6179461473421138
nrwswa_breeding,nrwswa,Northern Rough-winged Swallow,breeding,north_america,2007,2021,05-24,07-06,0.930978436802058,0.01612920334648187
nutman_resident,nutman,Scaly-breasted Munia,resident,north_america,2007,2021,02-08,03-29,0.8121951835668314,-0.42084372978117346
nutwoo_resident,nutwoo,Nuttall's Woodpecker,resident,north_america,2007,2021,03-01,05-03,0.93634470807707,0.15728202292724677
oaktit_resident,oaktit,Oak Titmouse,resident,north_america,2007,2021,04-05,05-24,0.925622136722317,-0.15378402968231553
oashum1_resident,oashum1,Oasis Hummingbird,resident,south_america,2007,2021,01-04,12-28,0.8245069826658536,-0.975144487476124
ocetur1_resident,ocetur1,Ocellated Turkey,resident,central_america,2007,2021,01-04,12-28,0.6529723922417499,2.071120923227441
olispa_resident,olispa,Olive Sparrow,resident,north_america,2007,2021,04-05,05-31,0.8862077172572593,-0.31748120209106606
oliwar_resident,oliwar,Olive Warbler,resident,north_america,2007,2021,03-15,05-10,0.697560670660713,-0.6775172402989004
olsfly_breeding,olsfly,Olive-sided Flycatcher,breeding,north_america,2007,2021,06-28,07-20,0.7870823998091196,0.2085248031616219
orbspa1_resident,orbspa1,Orange-billed Sparrow,resident,latin_america,2007,2021,01-04,12-28,0.8499462339675019,-0.04368735835520101
orcori_breeding,orcori,Orchard Oriole,breeding,north_america,2007,2021,05-31,06-28,0.9337682046013368,-0.00999063250302548
orcwar_breeding,orcwar,Orange-crowned Warbler,breeding,north_america,2007,2021,06-21,07-06,0.7895363686562623,-0.2014162470374131
orfpar_resident,orfpar,Orange-fronted Parakeet,resident,central_america,2007,2021,01-04,12-28,0.8429673174780898,-0.1108646612645688
osprey_breeding,osprey,Osprey,breeding,north_america,2007,2021,06-14,07-13,0.8989384213328913,-0.1905339732755671
ovenbi1_breeding,ovenbi1,Ovenbird,breeding,north_america,2007,2021,06-14,07-13,0.8320405897186727,0.09964409891188426
pacloo_nonbreeding,pacloo,Pacific Loon,nonbreeding,north_america,2007,2020,12-28,02-22,0.49578198310929694,0.21463014280721643
pacwre1_breeding,pacwre1,Pacific Wren,breeding,north_america,2007,2021,05-10,06-21,0.7818313078029715,0.0287756668355166
paibun_breeding,paibun,Painted Bunting,breeding,north_america,2007,2021,05-31,07-06,0.8977894600613698,-0.2627459390409705
paired_breeding,paired,Painted Redstart,breeding,north_america,2007,2021,05-17,07-20,0.8441825379806334,-0.3554941625623678
palwar_nonbreeding,palwar,Palm Warbler,nonbreeding,north_america,2007,2020,12-28,02-22,0.7796394028211076,0.4247947977887455
pasfly_breeding,pasfly,Pacific-slope Flycatcher,breeding,north_america,2007,2021,07-06,07-13,0.7879245849060912,-0.760984682578112
pelcor_resident,pelcor,Pelagic Cormorant,resident,north_america,2007,2020,12-07,02-08,0.804219953959859,-0.6981759699005283
perfal_breeding,perfal,Peregrine Falcon,breeding,north_america,2007,2021,06-14,07-13,0.836321226479639,-0.3225679392414573
phaino_resident,phaino,Phainopepla,resident,north_america,2007,2021,02-01,03-29,0.8489294572195397,0.38137134728281424
pibgre_breeding,pibgre,Pied-billed Grebe,breeding,north_america,2007,2021,05-31,06-28,0.9172078779821085,0.2486998951591908
piekin1_resident,piekin1,Pied Kingfisher,resident,india,2007,2021,01-04,12-28,0.8958147475694387,0.2302724471893408
piggui_breeding,piggui,Pigeon Guillemot,breeding,north_america,2007,2021,04-12,06-28,0.5996023984520111,0.3112093428808905
pilwoo_resident,pilwoo,Pileated Woodpecker,resident,north_america,2007,2021,03-15,05-03,0.9026574102892192,-0.20853539033368457
pingro_nonbreeding,pingro,Pine Grosbeak,nonbreeding,north_america,2007,2020,12-28,02-01,0.8679350733353756,-0.04391341019300426
pinjay_resident,pinjay,Pinyon Jay,resident,north_america,2007,2021,04-05,06-07,0.7762573506301592,0.02618520180806226
pinsis_nonbreeding,pinsis,Pine Siskin,nonbreeding,north_america,2007,2020,12-14,02-22,0.894856311531653,0.00235985725873209
pinwar_breeding,pinwar,Pine Warbler,breeding,north_america,2007,2021,05-31,08-10,0.8805488686680464,-0.13140025933585217
pipplo_breeding,pipplo,Piping Plover,breeding,north_america,2007,2021,05-31,06-21,0.8555003945176862,0.39743472105007177
placha_resident,placha,Plain Chachalaca,resident,north_america,2007,2021,02-01,03-29,0.8293938688811415,-0.17524113927513357
plsvir_breeding,plsvir,Plumbeous Vireo,breeding,north_america,2007,2021,06-14,08-10,0.9138769556679844,-0.01850364265568227
prafal_nonbreeding,prafal,Prairie Falcon,nonbreeding,north_america,2007,2020,11-30,02-15,0.8538328875789682,0.6309004624306424
prawar_breeding,prawar,Prairie Warbler,breeding,north_america,2007,2021,05-31,07-06,0.8706075745273988,-0.00892583288232829
prowar_breeding,prowar,Prothonotary Warbler,breeding,north_america,2007,2021,05-17,06-21,0.8791827025367285,-0.1655343014346948
purfin_breeding,purfin,Purple Finch,breeding,north_america,2007,2021,05-31,07-06,0.8856149637128653,-0.23390798894525164
purgal2_breeding,purgal2,Purple Gallinule,breeding,north_america,2007,2021,05-10,08-24,0.7884010906930151,0.20164994407523665
purmar_breeding,purmar,Purple Martin,breeding,north_america,2007,2021,05-24,06-14,0.9170123059997696,-0.3675238942510351
pursan_nonbreeding,pursan,Purple Sandpiper,nonbreeding,north_america,2007,2021,01-11,03-08,0.6570086546584214,0.1585521760230698
purswa3_resident,purswa3,Gray-headed Swamphen,resident,north_america,2007,2021,02-08,04-26,0.4492746191495019,-0.6490267882105717
pygnut_resident,pygnut,Pygmy Nuthatch,resident,north_america,2007,2021,02-22,04-12,0.8672263440111211,-0.22466109485626143
pyrrhu_resident,pyrrhu,Pyrrhuloxia,resident,north_america,2007,2021,02-01,04-05,0.8487340752721463,0.08314554487594135
rebmer_nonbreeding,rebmer,Red-breasted Merganser,nonbreeding,north_america,2007,2020,12-21,01-18,0.7080253906849564,-0.3671826646296591
rebnut_breeding,rebnut,Red-breasted Nuthatch,breeding,north_america,2007,2021,06-07,07-20,0.8912183006624608,-0.35001082481098017
rebpig1_resident,rebpig1,Red-billed Pigeon,resident,north_america,2007,2021,02-08,04-05,0.8493118126633022,-0.0060805229352863
rebsap_breeding,rebsap,Red-breasted Sapsucker,breeding,north_america,2007,2021,04-26,06-28,0.8630627092733159,0.4915458826515689
rebwoo_resident,rebwoo,Red-bellied Woodpecker,resident,north_america,2007,2021,03-01,04-19,0.9525947565928206,-0.2157015360957709
redcro_breeding,redcro,Red Crossbill,breeding,north_america,2007,2021,05-03,07-27,0.8303966601468031,0.03004498128387602
redegr_resident,redegr,Reddish Egret,resident,north_america,2007,2021,04-12,05-31,0.7394113941921314,0.3517615514385194
redhea_breeding,redhea,Redhead,breeding,north_america,2007,2021,05-31,07-06,0.8529720259963098,0.04279181434902694
redkno_nonbreeding,redkno,Red Knot,nonbreeding,north_america,2007,2020,12-14,03-15,0.643269382817546,1.1017247158605417
reevir1_breeding,reevir1,Red-eyed Vireo,breeding,north_america,2007,2021,06-14,07-20,0.9006877087639134,-0.07178474034126896
refwar_breeding,refwar,Red-faced Warbler,breeding,north_america,2007,2021,05-17,07-13,0.685499884503359,-0.07033801086584461
rehwoo_breeding,rehwoo,Red-headed Woodpecker,breeding,north_america,2007,2021,06-07,07-06,0.9156078527568134,-0.08139425039717253
rengre_nonbreeding,rengre,Red-necked Grebe,nonbreeding,north_america,2007,2021,01-04,03-01,0.7118681336033202,0.46042696377570297
rensap_breeding,rensap,Red-naped Sapsucker,breeding,north_america,2007,2021,06-07,08-03,0.8663285917765794,0.1044732101920333
reshaw_breeding,reshaw,Red-shouldered Hawk,breeding,north_america,2007,2021,05-10,07-20,0.8557403856542265,-0.01392326513412669
rethaw_breeding,rethaw,Red-tailed Hawk,breeding,north_america,2007,2021,05-17,08-03,0.9287167600350164,-0.01101942685318987
retloo_nonbreeding,retloo,Red-throated Loon,nonbreeding,north_america,2007,2021,01-11,02-22,0.5546657076418523,0.5707140800991157
rewbla_breeding,rewbla,Red-winged Blackbird,breeding,north_america,2007,2021,05-24,07-06,0.9324117097183426,-0.06340613586394254
ribgul_nonbreeding,ribgul,Ring-billed Gull,nonbreeding,north_america,2007,2020,12-21,02-01,0.7486697343549109,0.06422512823275141
rinduc_nonbreeding,rinduc,Ring-necked Duck,nonbreeding,north_america,2007,2020,12-21,01-18,0.8573255390494088,-0.07052196090701843
rinkin1_resident,rinkin1,Ringed Kingfisher,resident,north_america,2007,2021,02-08,05-03,0.8421577919130329,-0.3825589428984105
rinphe_resident,rinphe,Ring-necked/Green Pheasant,resident,north_america,2007,2021,03-29,05-17,0.8818888888662085,0.3434968370898452
robgro_breeding,robgro,Rose-breasted Grosbeak,breeding,north_america,2007,2021,06-21,07-27,0.855680955378679,0.2951421419550365
rocpig_resident,rocpig,Rock Pigeon,resident,north_america,2007,2021,04-19,06-21,0.9256486410529589,-0.18115162348603245
rocwre_breeding,rocwre,Rock Wren,breeding,north_america,2007,2021,06-07,08-10,0.8617937799401169,0.10157898115348532
rolhaw_nonbreeding,rolhaw,Rough-legged Hawk,nonbreeding,north_america,2007,2020,12-07,01-25,0.8542542101810332,0.5811486891383718
rosspo1_breeding,rosspo1,Roseate Spoonbill,breeding,north_america,2007,2021,04-12,05-17,0.749109259603343,0.19398473514553627
rotbec_breeding,rotbec,Rose-throated Becard,breeding,north_america,2007,2021,05-10,09-28,0.8369765329316021,0.00865902175464122
royter1_breeding,royter1,Royal Tern,breeding,north_america,2007,2021,05-17,07-06,0.6797059278298913,0.6633948161727325
rthhum_breeding,rthhum,Ruby-throated Hummingbird,breeding,north_america,2007,2021,06-07,07-13,0.8965914170367065,-0.1833440669732247
rubwre1_resident,rubwre1,Rufous-breasted Wren,resident,latin_america,2007,2021,01-04,12-28,0.8601248523193509,0.03828810347584074
ruckin_nonbreeding,ruckin,Ruby-crowned Kinglet,nonbreeding,north_america,2007,2020,12-21,01-25,0.905214967779042,-0.4934237749161106
rucspa_resident,rucspa,Rufous-crowned Sparrow,resident,north_america,2007,2021,03-08,05-17,0.8656886977867471,-0.22183998931793536
rucspa1_resident,rucspa1,Rufous-collared Sparrow,resident,latin_america,2007,2021,01-04,12-28,0.9199742879770548,-0.12101751156761538
rucwar4_resident,rucwar4,Chestnut-capped Warbler,resident,latin_america,2007,2021,01-04,12-28,0.7972072703893428,-0.3237030567068933
rudduc_breeding,rudduc,Ruddy Duck,breeding,north_america,2007,2021,05-31,07-13,0.8034663613276519,0.13007117718050515
rudtur_nonbreeding,rudtur,Ruddy Turnstone,nonbreeding,north_america,2007,2020,11-16,03-22,0.9300704222616928,0.1974996673746331
rudwoo1_resident,rudwoo1,Ruddy Woodcreeper,resident,latin_america,2007,2021,01-04,12-28,0.6804607911376782,0.6989691072744945
rufgro_resident,rufgro,Ruffed Grouse,resident,north_america,2007,2021,04-05,05-24,0.8814204213935025,-0.1806019522580024
rufhum_breeding,rufhum,Rufous Hummingbird,breeding,north_america,2007,2021,05-24,06-14,0.8295856969150248,0.16724154693854315
rusbla_nonbreeding,rusbla,Rusty Blackbird,nonbreeding,north_america,2007,2020,12-21,01-25,0.849229270734838,0.2782886832259486
ruwspa_resident,ruwspa,Rufous-winged Sparrow,resident,north_america,2007,2021,02-15,04-12,0.7959328730765871,-0.3071757241228943
sagspa1_breeding,sagspa1,Sagebrush Sparrow,breeding,north_america,2007,2021,04-26,06-28,0.6330480904185547,0.6664847420898213
sagthr_breeding,sagthr,Sage Thrasher,breeding,north_america,2007,2021,05-17,06-28,0.7191458275625707,0.488148736583394
sancra_nonbreeding,sancra,Sandhill Crane,nonbreeding,north_america,2007,2020,12-21,01-25,0.7135219436662111,-0.4940290313856645
sander_nonbreeding,sander,Sanderling,nonbreeding,north_america,2007,2020,12-21,02-22,0.8872128854700961,0.0387352604065536
santer1_breeding,santer1,Sandwich Tern,breeding,north_america,2007,2021,05-03,07-06,0.7718793029731532,0.6459025764418015
savspa_nonbreeding,savspa,Savannah Sparrow,nonbreeding,north_america,2007,2020,12-07,02-08,0.8594816668254501,0.18780728075935607
saypho_breeding,saypho,Say's Phoebe,breeding,north_america,2007,2021,06-07,07-13,0.9008134533315726,0.13837437288726415
scaqua_resident,scaqua,Scaled Quail,resident,north_america,2007,2021,03-01,05-10,0.7779053148031874,0.6502843467733247
scatan_breeding,scatan,Scarlet Tanager,breeding,north_america,2007,2021,06-14,08-10,0.9194557266098576,0.6504125841842442
scoori_breeding,scoori,Scott's Oriole,breeding,north_america,2007,2021,05-24,06-14,0.7995382786179144,0.2561499000940798
scrtan1_resident,scrtan1,Scrub Tanager,resident,south_america,2007,2021,01-04,12-28,0.8409518024944542,-0.13728389147975206
sctfly_breeding,sctfly,Scissor-tailed Flycatcher,breeding,north_america,2007,2021,05-31,07-06,0.8965039427493817,-0.11723037136415536
seaspa_breeding,seaspa,Seaside Sparrow,breeding,north_america,2007,2021,05-17,07-20,0.7210851788375104,0.9861762121494962
sedwre1_breeding,sedwre1,Sedge Wren,breeding,north_america,2007,2021,06-07,06-28,0.8419527736842086,0.17164252675293182
shbdow_nonbreeding,shbdow,Short-billed Dowitcher,nonbreeding,north_america,2007,2020,12-28,02-22,0.7625396708459989,0.17032272871521176
sheowl_nonbreeding,sheowl,Short-eared Owl,nonbreeding,north_america,2007,2021,01-11,01-25,0.823220896454227,0.503058322004764
shicow_resident,shicow,Shiny Cowbird,resident,north_america,2007,2021,04-19,06-28,0.703606237059383,0.726770422259913
shshaw_nonbreeding,shshaw,Sharp-shinned Hawk,nonbreeding,north_america,2007,2020,11-30,02-15,0.9019434434448697,-0.2362238236921532
shtgro_resident,shtgro,Sharp-tailed Grouse,resident,north_america,2007,2021,03-08,05-03,0.7048994959872753,0.9777373738419765
shthaw_resident,shthaw,Short-tailed Hawk,resident,north_america,2007,2021,02-08,03-29,0.8362208433097867,-0.6377923510392757
silgul2_resident,silgul2,Silver Gull,resident,new_zealand,2007,2021,01-04,12-28,0.8400309342285008,0.15661104974403958
slaant1_resident,slaant1,Slaty Antwren,resident,latin_america,2007,2021,01-04,12-28,0.7986152774414733,0.6129574698176767
snobun_nonbreeding,snobun,Snow Bunting,nonbreeding,north_america,2007,2021,01-04,02-08,0.8594553039351152,0.20032873814574664
snoegr_breeding,snoegr,Snowy Egret,breeding,north_america,2007,2021,05-10,07-06,0.8578960142495375,0.09944993910911742
snogoo_nonbreeding,snogoo,Snow Goose,nonbreeding,north_america,2007,2020,12-28,01-11,0.813852584173778,0.09541576211133553
snoowl1_nonbreeding,snoowl1,Snowy Owl,nonbreeding,north_america,2007,2020,12-14,03-01,0.7837232839677288,0.876075500252862
snoplo5_breeding,snoplo5,Snowy Plover,breeding,north_america,2007,2021,06-21,06-28,0.7578023404986992,0.05519254188298515
sonspa_breeding,sonspa,Song Sparrow,breeding,north_america,2007,2021,06-07,07-13,0.9284527186637398,-0.2777114856782131
soogro1_resident,soogro1,Sooty Grouse,resident,north_america,2007,2021,04-12,05-24,0.7837691708637965,0.8807884092486856
sora_breeding,sora,Sora,breeding,north_america,2007,2021,06-07,07-13,0.8113779118504678,-0.335685622136538
soufis1_resident,soufis1,Southern Fiscal,resident,south_africa,2007,2021,01-04,12-28,0.8625883214015088,0.15144390218546705
sposan_breeding,sposan,Spotted Sandpiper,breeding,north_america,2007,2021,06-14,06-28,0.8711608032209334,-0.3645368600641613
spotow_breeding,spotow,Spotted Towhee,breeding,north_america,2007,2021,05-31,07-06,0.9231791793617434,-0.15977928436532404
spowoo1_resident,spowoo1,Spotted Woodcreeper,resident,latin_america,2007,2021,01-04,12-28,0.6886218015545598,1.049443661503478
spwqua1_resident,spwqua1,Spotted Wood-Quail,resident,central_america,2007,2021,01-04,12-28,0.6127767825386247,2.3207006554328404
sstspa_breeding,sstspa,Saltmarsh Sparrow,breeding,north_america,2007,2021,05-31,07-27,0.7902984960801221,0.8843314895293698
stejay_resident,stejay,Steller's Jay,resident,north_america,2007,2021,02-15,04-05,0.9393944931925704,-0.2998378517623505
subfly_breeding,subfly,Sulphur-bellied Flycatcher,breeding,north_america,2007,2021,06-07,07-27,0.8511501063485576,-0.27390605599110296
sumtan_breeding,sumtan,Summer Tanager,breeding,north_america,2007,2021,06-21,08-10,0.9117669451789264,-0.03989530649263136
surfbi_nonbreeding,surfbi,Surfbird,nonbreeding,north_america,2007,2020,12-14,02-15,0.8034583139860626,0.552772662861532
sursco_nonbreeding,sursco,Surf Scoter,nonbreeding,north_america,2007,2021,01-11,03-01,0.7174522873651806,-0.03119308166482884
swahaw_breeding,swahaw,Swainson's Hawk,breeding,north_america,2007,2021,05-24,07-20,0.8274432338347943,0.6571331341072668
swaspa_breeding,swaspa,Swamp Sparrow,breeding,north_america,2007,2021,06-07,07-20,0.8699468514394649,-0.10022358588776575
swathr_breeding,swathr,Swainson's Thrush,breeding,north_america,2007,2021,06-14,07-20,0.8223037560410644,0.20838387505131037
swawar_breeding,swawar,Swainson's Warbler,breeding,north_america,2007,2021,05-10,06-28,0.7477901559933446,-0.4775281904128156
swtkit_breeding,swtkit,Swallow-tailed Kite,breeding,north_america,2007,2021,04-19,07-13,0.8505608124494044,-0.04943388522406146
tenwar_nonbreeding,tenwar,Tennessee Warbler,nonbreeding,north_america,2007,2020,12-14,03-01,0.7181814302046474,0.4738578704369838
tomtit1_resident,tomtit1,Tomtit,resident,new_zealand,2007,2021,01-04,12-28,0.7990758511990953,0.19097934640718925
towsol_breeding,towsol,Townsend's Solitaire,breeding,north_america,2007,2021,06-07,08-03,0.8738304813253395,0.01839564335694025
towwar_breeding,towwar,Townsend's Warbler,breeding,north_america,2007,2021,06-21,07-20,0.8341664678317717,0.17207549057735094
treswa_breeding,treswa,Tree Swallow,breeding,north_america,2007,2021,06-07,06-21,0.9184145236247584,-0.1607039034385808
tribla_resident,tribla,Tricolored Blackbird,resident,north_america,2007,2021,03-08,04-26,0.6000852230569057,0.913556105318352
triher_breeding,triher,Tricolored Heron,breeding,north_america,2007,2021,04-26,05-17,0.7871814456643628,0.00547027008000216
trokin_breeding,trokin,Tropical Kingbird,breeding,north_america,2007,2021,06-14,08-03,0.8530034210522526,0.4751813371010087
tropar_breeding,tropar,Tropical Parula,breeding,north_america,2007,2021,04-19,05-10,0.6805955417172352,-0.6168218653092736
truswa_nonbreeding,truswa,Trumpeter Swan,nonbreeding,north_america,2007,2020,12-21,01-25,0.7476066697710394,0.09895752845836678
tuftit_resident,tuftit,Tufted Titmouse,resident,north_america,2007,2021,02-22,04-26,0.8865734612084964,-0.6278698917530574
tui1_resident,tui1,Tui,resident,new_zealand,2007,2021,01-04,12-28,0.8777585514803019,0.1318210431046562
tunswa_nonbreeding,tunswa,Tundra Swan,nonbreeding,north_america,2007,2021,01-04,02-08,0.6903600816911153,0.5650845376712265
turvul_breeding,turvul,Turkey Vulture,breeding,north_america,2007,2021,05-31,07-27,0.9355234119970024,-0.1548565049570578
uplsan_breeding,uplsan,Upland Sandpiper,breeding,north_america,2007,2021,05-31,06-21,0.7159972608167449,0.6497156782680412
varthr_breeding,varthr,Varied Thrush,breeding,north_america,2007,2021,06-07,07-06,0.886979701882473,-0.09891346977017894
vauswi_breeding,vauswi,Vaux's Swift,breeding,north_america,2007,2021,06-21,08-03,0.9074901407257908,0.04628703766279406
veery_breeding,veery,Veery,breeding,north_america,2007,2021,06-14,07-27,0.9253482371184164,0.0254969049863158
verdin_resident,verdin,Verdin,resident,north_america,2007,2021,01-11,03-15,0.8884387785066769,-0.08335146691300024
verfly_breeding,verfly,Vermilion Flycatcher,breeding,north_america,2007,2021,06-14,08-10,0.8282008871862766,-0.06158904715071122
vesspa_breeding,vesspa,Vesper Sparrow,breeding,north_america,2007,2021,06-07,07-20,0.8647586721903363,0.14654858571557328
vichum_breeding,vichum,Violet-crowned Hummingbird,breeding,north_america,2007,2021,04-12,08-17,0.8277289627030567,-0.06933400574719406
vigswa_breeding,vigswa,Violet-green Swallow,breeding,north_america,2007,2021,05-24,06-28,0.9226753910390186,-0.1981063063128222
virrai_breeding,virrai,Virginia Rail,breeding,north_america,2007,2021,06-07,07-06,0.8971219530395581,-0.19507001255417225
virwar_breeding,virwar,Virginia's Warbler,breeding,north_america,2007,2021,05-31,07-27,0.8932158912691393,-0.4162500066753556
warvir_breeding,warvir,Warbling Vireo,breeding,north_america,2007,2021,06-28,07-13,0.9177230345905656,-0.08103887621267397
wepdov1_resident,wepdov1,West Peruvian Dove,resident,south_america,2007,2021,01-04,12-28,0.8501399951663741,-0.7760176293384724
wesblu_breeding,wesblu,Western Bluebird,breeding,north_america,2007,2021,05-10,06-21,0.8741895313450277,0.22083752416164312
wesgre_breeding,wesgre,Western Grebe,breeding,north_america,2007,2021,06-14,07-27,0.7790935327616608,0.2488923051330861
wesgul_resident,wesgul,Western Gull,resident,north_america,2007,2021,05-24,06-28,0.7634997537176377,-0.2839845775922094
weskin_breeding,weskin,Western Kingbird,breeding,north_america,2007,2021,06-07,07-13,0.9105888491006924,0.2051384252384354
wesmea_breeding,wesmea,Western Meadowlark,breeding,north_america,2007,2021,05-10,07-13,0.8566907466983248,0.3939307039044419
westan_breeding,westan,Western Tanager,breeding,north_america,2007,2021,06-21,07-13,0.9124381420538432,-0.257467821255121
wewpew_breeding,wewpew,Western Wood-Pewee,breeding,north_america,2007,2021,07-06,07-27,0.9323401141412796,-0.00450391906997338
whbnut_resident,whbnut,White-breasted Nuthatch,resident,north_america,2007,2021,03-15,05-03,0.9396562406533638,-0.2220401693394135
whbtre1_resident,whbtre1,White-bellied Treepie,resident,india,2007,2021,01-04,12-28,0.6274708850502105,1.871396361611964
whcpig2_resident,whcpig2,White-crowned Pigeon,resident,north_america,2007,2021,04-05,05-24,0.8159439646314044,0.13513806893041552
whcsee1_resident,whcsee1,Morelet's Seedeater,resident,north_america,2007,2021,02-15,04-19,0.8301159307561926,-0.03060733334133615
whcspa_nonbreeding,whcspa,White-crowned Sparrow,nonbreeding,north_america,2007,2020,12-21,03-08,0.8825778853991426,0.2327558691957132
whebuz1_resident,whebuz1,White-eyed Buzzard,resident,india,2007,2021,01-04,12-28,0.6822959121020462,0.8458874931880367
whevir_breeding,whevir,White-eyed Vireo,breeding,north_america,2007,2021,06-07,08-17,0.9000072605485975,0.03116933432748494
whfibi_breeding,whfibi,White-faced Ibis,breeding,north_america,2007,2021,05-24,07-13,0.6915189158808015,0.31939612147887575
whhwoo_resident,whhwoo,White-headed Woodpecker,resident,north_america,2007,2021,04-05,05-31,0.7802727369433794,-0.01933837647778092
whiibi_breeding,whiibi,White Ibis,breeding,north_america,2007,2021,05-03,06-21,0.7620700264046942,0.21667249825954457
whiteh1_resident,whiteh1,Whitehead,resident,new_zealand,2007,2021,01-04,12-28,0.5064690756600244,1.3540252663396677
whtdov_resident,whtdov,White-tipped Dove,resident,north_america,2007,2021,02-01,03-22,0.8701999242266127,0.09133512636084372
whthaw_resident,whthaw,White-tailed Hawk,resident,north_america,2007,2021,01-04,12-28,0.7514942839426025,0.6846364159315054
whtkit_resident,whtkit,White-tailed Kite,resident,north_america,2007,2021,03-15,04-19,0.8513505653838147,0.6770100711489009
whtspa_nonbreeding,whtspa,White-throated Sparrow,nonbreeding,north_america,2007,2020,12-21,02-22,0.8902289503844972,0.07766006819100706
whtswi_breeding,whtswi,White-throated Swift,breeding,north_america,2007,2021,05-24,07-06,0.8985633413991085,-0.15025505774465206
whwcro_nonbreeding,whwcro,White-winged Crossbill,nonbreeding,north_america,2007,2021,01-04,02-22,0.8077936358413295,-0.1858392530484771
whwdov_breeding,whwdov,White-winged Dove,breeding,north_america,2007,2021,05-31,07-06,0.8501357547720482,-0.01872576960326643
whwsco2_nonbreeding,whwsco2,White-winged Scoter,nonbreeding,north_america,2007,2021,01-04,03-01,0.6849650629128828,0.5375046364884609
wilfly_breeding,wilfly,Willow Flycatcher,breeding,north_america,2007,2021,06-21,07-27,0.8877067738605137,-0.17914341085394733
willet1_breeding,willet1,Willet,breeding,north_america,2007,2021,05-31,06-28,0.565479532475758,0.5728004758693739
wilpha_breeding,wilpha,Wilson's Phalarope,breeding,north_america,2007,2021,06-07,06-28,0.6052996505720866,0.4449918982979966
wilplo_breeding,wilplo,Wilson's Plover,breeding,north_america,2007,2021,05-17,07-13,0.8311694106715638,0.21164005415092865
wilsap_breeding,wilsap,Williamson's Sapsucker,breeding,north_america,2007,2021,05-17,08-03,0.8500603052711977,0.2256465085850415
wilsni1_breeding,wilsni1,Wilson's Snipe,breeding,north_america,2007,2021,06-07,07-06,0.8578727689609581,0.3769505803653945
wiltur_resident,wiltur,Wild Turkey,resident,north_america,2007,2021,03-15,05-03,0.9219966028072508,-0.04925549136825599
winwre3_breeding,winwre3,Winter Wren,breeding,north_america,2007,2021,06-14,07-27,0.7419561380603293,1.095764449972619
wlswar_breeding,wlswar,Wilson's Warbler,breeding,north_america,2007,2021,06-28,07-20,0.7184577038731339,-0.13806059423519795
woewar1_breeding,woewar1,Worm-eating Warbler,breeding,north_america,2007,2021,06-07,07-20,0.8397022076403687,0.6401233432078083
wooduc_breeding,wooduc,Wood Duck,breeding,north_america,2007,2021,05-17,06-14,0.8703395323444585,-0.5212449671811205
wooscj2_resident,wooscj2,Woodhouse's Scrub-Jay,resident,north_america,2007,2021,06-14,07-06,0.8962553770113627,-0.11804802371504182
woosto_breeding,woosto,Wood Stork,breeding,north_america,2007,2021,07-20,09-07,0.7150324163912389,0.21302713424575928
woothr_breeding,woothr,Wood Thrush,breeding,north_america,2007,2021,05-31,07-13,0.9033622110371436,0.295166310652244
wrenti_resident,wrenti,Wrentit,resident,north_america,2007,2021,03-01,05-31,0.9036529652653168,-0.22904733797000465
y00475_breeding,y00475,American Coot,breeding,north_america,2007,2021,06-07,08-31,0.856227827800798,0.01009841701817497
y00478_nonbreeding,y00478,Iceland Gull,nonbreeding,north_america,2007,2020,12-14,02-08,0.7535979057407094,0.2577517023420296
y00678_resident,y00678,Crested Caracara,resident,north_america,2007,2021,01-04,12-28,0.8460150420894845,0.19149766507759225
ycnher_breeding,ycnher,Yellow-crowned Night-Heron,breeding,north_america,2007,2021,05-10,06-14,0.7959725067142878,-0.23373596343352637
yebcha_breeding,yebcha,Yellow-breasted Chat,breeding,north_america,2007,2021,06-07,07-06,0.8949727594446487,-0.06603980199589315
yebcuc_breeding,yebcuc,Yellow-billed Cuckoo,breeding,north_america,2007,2021,06-28,08-17,0.8861035496997691,-0.01008280687745294
yebfly_nonbreeding,yebfly,Yellow-bellied Flycatcher,nonbreeding,north_america,2007,2020,11-02,04-05,0.825870816724947,0.04688583875561816
yebmag_resident,yebmag,Yellow-billed Magpie,resident,north_america,2007,2021,01-18,04-05,0.7956638368877551,0.08904759401902029
yebpin1_resident,yebpin1,Yellow-billed Pintail,resident,south_america,2007,2021,01-04,12-28,0.7934204975558262,0.23231901456245185
yebsap_breeding,yebsap,Yellow-bellied Sapsucker,breeding,north_america,2007,2021,05-31,07-06,0.8894495643572989,0.01685031953469802
yeejun_resident,yeejun,Yellow-eyed Junco,resident,north_america,2007,2021,04-05,06-07,0.7264022887607153,-0.13761254468240944
yehbla_breeding,yehbla,Yellow-headed Blackbird,breeding,north_america,2007,2021,06-07,06-14,0.8978535151524483,-0.13379379500612956
yelwar_breeding,yelwar,Yellow Warbler,breeding,north_america,2007,2021,06-21,07-13,0.9017227252182386,-0.13527474478335902
yerwar_nonbreeding,yerwar,Yellow-rumped Warbler,nonbreeding,north_america,2007,2020,12-14,02-22,0.9080072107463804,-0.189153178718584
yetvir_breeding,yetvir,Yellow-throated Vireo,breeding,north_america,2007,2021,06-07,08-17,0.9192801695230668,-0.09402512581681204
yetwar_breeding,yetwar,Yellow-throated Warbler,breeding,north_america,2007,2021,05-10,06-28,0.8405977744146835,-0.1776141104824057
zothaw_breeding,zothaw,Zone-tailed Hawk,breeding,north_america,2007,2021,05-03,08-10,0.8483735003789457,-0.08044696532247882
